,theme,score
0,friendship,1.5115439295768738
1,sacrifice,1.6945387721061707
2,hope,0.6943791806697845
3,battle,0.9908064305782318
4,self development,1.1014260947704315
5,betrayal,1.0105983465909958
